Reference Designator,Description,Manufacturer,Manufacturer Part Number,Suppliers,Package,Quantity,Custom Library Id,Conn 1 Type,Conn 0 Type,Value,Height,Dm,Dx,Dy,Sheetno,Dr,Footprint Variant Name 13,Footprint Variant Name 12,Footprint Variant Name 11,Footprint Variant Name 10,Footprint Variant Name 17,Footprint Variant Name 16,Footprint Variant Name 15,Footprint Variant Name 14,Footprint Variant Name 9,Footprint Variant Name 8,Footprint Variant Name 7,Footprint Variant Name 6,Footprint Variant Name 5,Footprint Variant Name 4,Footprint Variant Name 3,Footprint Variant Name 2,Footprint Variant Name 1,Footprint Variant Name 0,Footprint Variant Name 18,Conn 7 Type,Conn 3 Type,Conn 4 Type,Conn 5 Type,Conn 8 Type,Conn 6 Type,Conn 2 Type,Conn 10 Type,Conn 11 Type,Conn 16 Type,Conn 13 Type,Conn 15 Type,Conn 12 Type,Conn 9 Type,Conn 14 Type,Conn 22 Type,Conn 19 Type,Conn 17 Type,Conn 20 Type,Conn 18 Type,Conn 25 Type,Mpn,Conn 21 Type,Oc Farnell,Oc Newark,Conn 24 Type,Conn 23 Type,Conn 76 Type,Conn 34 Type,Conn 67 Type,Conn 54 Type,Conn 51 Type,Conn 28 Type,Conn 88 Type,Conn 40 Type,Conn 78 Type,Conn 81 Type,Conn 73 Type,Conn 39 Type,Conn 42 Type,Conn 80 Type,Conn 93 Type,Conn 43 Type,Conn 46 Type,Conn 91 Type,Conn 48 Type,Conn 58 Type,Conn 95 Type,Conn 41 Type,Conn 53 Type,Conn 77 Type,Conn 96 Type,Conn 83 Type,Conn 38 Type,Conn 70 Type,Digi-Key Purchase Url,Conn 86 Type,Conn 75 Type,Mf,Conn 44 Type,Conn 64 Type,Mp,Conn 89 Type,Conn 84 Type,Conn 68 Type,Conn 36 Type,Conn 82 Type,Conn 62 Type,Conn 66 Type,Conn 72 Type,Conn 79 Type,Conn 55 Type,Conn 47 Type,Conn 26 Type,Conn 87 Type,Conn 60 Type,Conn 94 Type,Conn 61 Type,Conn 56 Type,Conn 65 Type,Conn 27 Type,Conn 99 Type,Conn 90 Type,Conn 49 Type,Conn 69 Type,Description,Conn 71 Type,Conn 37 Type,Digi-Key Part Number,Conn 52 Type,Conn 31 Type,Conn 59 Type,Conn 74 Type,Conn 50 Type,Conn 30 Type,Conn 35 Type,Conn 29 Type,Conn 33 Type,Conn 92 Type,Conn 63 Type,Conn 97 Type,Conn 98 Type,Conn 85 Type,Conn 32 Type,Conn 57 Type,Conn 45 Type
C1,,,GRM0335C1E470JA01D,,,1,qualified_1,passive,passive,GRM0335C1E470JA01D,0.25,,,,,,,,,,,,,,,,,,,,,,,,,,,,,,,,,,,,,,,,,,,,,,,,,,,,,,,,,,,,,,,,,,,,,,,,,,,,,,,,,,,,,,,,,,,,,,,,,,,,,,,,,,,,,,,,,,,,,,,,,,,,,,,,,,
C10 C11 C8 C9,,,GRM033R60J104KE19D,,,4,qualified_1@eagle_src_repo_d00aa7e5b0aed880e2479218df7f64b10b504166,passive,passive,GRM033R60J104KE19D,0.25,,,,,,,,,,,,,,,,,,,,,,,,,,,,,,,,,,,,,,,,,,,,,,,,,,,,,,,,,,,,,,,,,,,,,,,,,,,,,,,,,,,,,,,,,,,,,,,,,,,,,,,,,,,,,,,,,,,,,,,,,,,,,,,,,,
C12 C14 C290 C291 C292 C293 C297 C298 C307,,,GRM033R60J104KE19D,,,9,qualified_1,passive,passive,GRM033R60J104KE19D,0.25,0,5.600,28.400,2,90.000,,,,,,,,,,,,,,,,,,,,,,,,,,,,,,,,,,,,,,,,,,,,,,,,,,,,,,,,,,,,,,,,,,,,,,,,,,,,,,,,,,,,,,,,,,,,,,,,,,,,,,,,,,,,,,,,,,,,,,,,,,,,,
C13 C262,,,CL31A106KBHNNNE,,,2,qualified_1@eagle_src_repo_f26ba765df9be4aea4dc36b2b99244de1327d3cb,passive,passive,CL31A106KBHNNNE,0.51,,,,,,,,,,,,,,,,,,,,,,,,,,,,,,,,,,,,,,,,,,,,,,,,,,,,,,,,,,,,,,,,,,,,,,,,,,,,,,,,,,,,,,,,,,,,,,,,,,,,,,,,,,,,,,,,,,,,,,,,,,,,,,,,,,
C15 C299 C313,,,CL05A105KO5NNNC,,,3,qualified_1,passive,passive,CL05A105KO5NNNC,0.35,,,,,,,,,,,,,,,,,,,,,,,,,,,,,,,,,,,,,,,,,,,,,,,,,,,,,,,,,,,,,,,,,,,,,,,,,,,,,,,,,,,,,,,,,,,,,,,,,,,,,,,,,,,,,,,,,,,,,,,,,,,,,,,,,,
C158 C167,,,CGB3B1X5R1A475K055AC,,,2,qualified_1@eagle_src_repo_701dee95a4f0c9d27f896634bd535ea9ef5a137e,passive,passive,CGB3B1X5R1A475K055AC,0.5,,,,,,,,,,,,,,,,,,,,,,,,,,,,,,,,,,,,,,,,,,,,,,,,,,,,,,,,,,,,,,,,,,,,,,,,,,,,,,,,,,,,,,,,,,,,,,,,,,,,,,,,,,,,,,,,,,,,,,,,,,,,,,,,,,
C16 C18 C22 C23 C24 C26 C27 C28 C29 C294 C295 C296 C303 C31 C314 C32 C33,,,GRM033R60J104KE19D,,,17,qualified_1@eagle_src_repo_b39d46a5feff4f7ade7f2a4f70c4d4847a03ea32,passive,passive,GRM033R60J104KE19D,0.25,,,,,,,,,,,,,,,,,,,,,,,,,,,,,,,,,,,,,,,,,,,,,,,,,,,,,,,,,,,,,,,,,,,,,,,,,,,,,,,,,,,,,,,,,,,,,,,,,,,,,,,,,,,,,,,,,,,,,,,,,,,,,,,,,,
C17,,,CGB3B1X5R1A475K055AC,,,1,qualified_1@eagle_src_repo_b39d46a5feff4f7ade7f2a4f70c4d4847a03ea32,passive,passive,CGB3B1X5R1A475K055AC,0.5,0,70.250,17.350,5,180.000,,,,,,,,,,,,,,,,,,,,,,,,,,,,,,,,,,,,,,,,,,,,,,,,,,,,,,,,,,,,,,,,,,,,,,,,,,,,,,,,,,,,,,,,,,,,,,,,,,,,,,,,,,,,,,,,,,,,,,,,,,,,,
C19,,,C,,,1,qualified_1@eagle_src_repo_b39d46a5feff4f7ade7f2a4f70c4d4847a03ea32,passive,passive,22uF,0.25,,,,,,R1000UF63V,R1000UF,R10UF,R100UF,1UF-FILM-250V,CA1000UF-50V,PANASONIC_C,CPOL-D,PANASONIC_D,PANASONIC_F,0201,BZ05,BZ02,1206,0805,0603,0402,1210,,,,,,,,,,,,,,,,,,,,,,,,,,,,,,,,,,,,,,,,,,,,,,,,,,,,,,,,,,,,,,,,,,,,,,,,,,,,,,,,,,,,,,,,,,,,,,,,,,,,,,,,,,,
C2 C310,,,GRM31CR60J227ME11L,,,2,qualified_1@eagle_src_repo_0b5741b5d4abbb92614c593c71c49b300549e5ff,passive,passive,GRM31CR60J227ME11L,0.51,0,13.200,27.200,2,90.000,,,,,,,,,,,,,,,,,,,,,,,,,,,,,,,,,,,,,,,,,,,,,,,,,,,,,,,,,,,,,,,,,,,,,,,,,,,,,,,,,,,,,,,,,,,,,,,,,,,,,,,,,,,,,,,,,,,,,,,,,,,,,
C20,,,GRM0335C1H220JA01D,,,1,qualified_1@eagle_src_repo_b39d46a5feff4f7ade7f2a4f70c4d4847a03ea32,passive,passive,GRM0335C1H220JA01D,0.25,0,-17.200,6.600,9,-270.000,,,,,,,,,,,,,,,,,,,,,,,,,,,,,,,,,,,,,,,,,,,,,,,,,,,,,,,,,,,,,,,,,,,,,,,,,,,,,,,,,,,,,,,,,,,,,,,,,,,,,,,,,,,,,,,,,,,,,,,,,,,,,
C21,,,GRM0335C1H220JA01D,,,1,qualified_1@eagle_src_repo_b39d46a5feff4f7ade7f2a4f70c4d4847a03ea32,passive,passive,GRM0335C1H220JA01D,0.25,0,-20.800,6.600,9,-90.000,,,,,,,,,,,,,,,,,,,,,,,,,,,,,,,,,,,,,,,,,,,,,,,,,,,,,,,,,,,,,,,,,,,,,,,,,,,,,,,,,,,,,,,,,,,,,,,,,,,,,,,,,,,,,,,,,,,,,,,,,,,,,
C25 C34,,,CGB3B1X5R1A475K055AC,,,2,qualified_1@eagle_src_repo_b39d46a5feff4f7ade7f2a4f70c4d4847a03ea32,passive,passive,CGB3B1X5R1A475K055AC,0.5,,,,,,,,,,,,,,,,,,,,,,,,,,,,,,,,,,,,,,,,,,,,,,,,,,,,,,,,,,,,,,,,,,,,,,,,,,,,,,,,,,,,,,,,,,,,,,,,,,,,,,,,,,,,,,,,,,,,,,,,,,,,,,,,,,
C253 C254 C263 C264 C265 C266 C267 C268 C269 C273 C280 C281 C286 C287 C288 C289 C41 C42 C43 C44,,,GRM033R60J104KE19D,,,20,qualified_1@eagle_src_repo_701dee95a4f0c9d27f896634bd535ea9ef5a137e,passive,passive,GRM033R60J104KE19D,0.25,,,,,,,,,,,,,,,,,,,,,,,,,,,,,,,,,,,,,,,,,,,,,,,,,,,,,,,,,,,,,,,,,,,,,,,,,,,,,,,,,,,,,,,,,,,,,,,,,,,,,,,,,,,,,,,,,,,,,,,,,,,,,,,,,,
C255 C30,,,C0603C103K5RACTU,,,2,qualified_1@eagle_src_repo_f26ba765df9be4aea4dc36b2b99244de1327d3cb,passive,passive,C0603C103K5RACTU,0.5,,,,,,,,,,,,,,,,,,,,,,,,,,,,,,,,,,,,,,,,,,,,,,,,,,,,,,,,,,,,,,,,,,,,,,,,,,,,,,,,,,,,,,,,,,,,,,,,,,,,,,,,,,,,,,,,,,,,,,,,,,,,,,,,,,
C256,,,GRM033R60J104KE19D,,,1,qualified_1@eagle_src_repo_83354d0c2c11c8ce792d5cc032a7091e5ff73f00,passive,passive,GRM033R60J104KE19D,0.25,,,,,,,,,,,,,,,,,,,,,,,,,,,,,,,,,,,,,,,,,,,,,,,,,,,,,,,,,,,,,,,,,,,,,,,,,,,,,,,,,,,,,,,,,,,,,,,,,,,,,,,,,,,,,,,,,,,,,,,,,,,,,,,,,,
C257 C261,,,GRM033R61C103KA12D,,,2,qualified_1@eagle_src_repo_08f38ff5c3a3a6fa35c93a02bac883b74ea519d0,passive,passive,GRM033R61C103KA12D,0.25,0,30.550,33.500,6,0.000,,,,,,,,,,,,,,,,,,,,,,,,,,,,,,,,,,,,,,,,,,,,,,,,,,,,,,,,,,,,,,,,,,,,,,,,,,,,,,,,,,,,,,,,,,,,,,,,,,,,,,,,,,,,,,,,,,,,,,,,,,,,,
C258 C259 C95,,,GRM033R60J104KE19D,,,3,qualified_1@eagle_src_repo_08f38ff5c3a3a6fa35c93a02bac883b74ea519d0,passive,passive,GRM033R60J104KE19D,0.25,,,,,,,,,,,,,,,,,,,,,,,,,,,,,,,,,,,,,,,,,,,,,,,,,,,,,,,,,,,,,,,,,,,,,,,,,,,,,,,,,,,,,,,,,,,,,,,,,,,,,,,,,,,,,,,,,,,,,,,,,,,,,,,,,,
C260,,,GRM033R60J104KE19D,,,1,qualified_1@eagle_src_repo_23ecad3ae72028015427fba7d2ea5a80aee78817,passive,passive,GRM033R60J104KE19D,0.25,,,,,,,,,,,,,,,,,,,,,,,,,,,,,,,,,,,,,,,,,,,,,,,,,,,,,,,,,,,,,,,,,,,,,,,,,,,,,,,,,,,,,,,,,,,,,,,,,,,,,,,,,,,,,,,,,,,,,,,,,,,,,,,,,,
C270,,,GRM033R71A682KA01D,,,1,qualified_1@eagle_src_repo_701dee95a4f0c9d27f896634bd535ea9ef5a137e,passive,passive,GRM033R71A682KA01D,0.25,,,,,,,,,,,,,,,,,,,,,,,,,,,,,,,,,,,,,,,,,,,,,,,,,,,,,,,,,,,,,,,,,,,,,,,,,,,,,,,,,,,,,,,,,,,,,,,,,,,,,,,,,,,,,,,,,,,,,,,,,,,,,,,,,,
C271 C94,,,GRM033R60J104KE19D,,,2,qualified_1@eagle_src_repo_08f38ff5c3a3a6fa35c93a02bac883b74ea519d0,passive,passive,GRM033R60J104KE19D,0.25,0,30.550,33.500,6,0.000,,,,,,,,,,,,,,,,,,,,,,,,,,,,,,,,,,,,,,,,,,,,,,,,,,,,,,,,,,,,,,,,,,,,,,,,,,,,,,,,,,,,,,,,,,,,,,,,,,,,,,,,,,,,,,,,,,,,,,,,,,,,,
C272,,,GRM033R60J104KE19D,,,1,qualified_1@eagle_src_repo_8819a94826fe107100c913d4ec412d3185f90c61,passive,passive,GRM033R60J104KE19D,0.25,0,5.600,28.400,2,90.000,,,,,,,,,,,,,,,,,,,,,,,,,,,,,,,,,,,,,,,,,,,,,,,,,,,,,,,,,,,,,,,,,,,,,,,,,,,,,,,,,,,,,,,,,,,,,,,,,,,,,,,,,,,,,,,,,,,,,,,,,,,,,
C274,,,GRM033R61C103KA12D,,,1,qualified_1@eagle_src_repo_8819a94826fe107100c913d4ec412d3185f90c61,passive,passive,GRM033R61C103KA12D,0.25,0,47.400,38.400,2,90.000,,,,,,,,,,,,,,,,,,,,,,,,,,,,,,,,,,,,,,,,,,,,,,,,,,,,,,,,,,,,,,,,,,,,,,,,,,,,,,,,,,,,,,,,,,,,,,,,,,,,,,,,,,,,,,,,,,,,,,,,,,,,,
C275,,,C1608X5R1A106M080AC,,,1,qualified_1@eagle_src_repo_8819a94826fe107100c913d4ec412d3185f90c61,passive,passive,C1608X5R1A106M080AC,0.5,0,56.200,38.400,2,90.000,,,,,,,,,,,,,,,,,,,,,,,,,,,,,,,,,,,,,,,,,,,,,,,,,,,,,,,,,,,,,,,,,,,,,,,,,,,,,,,,,,,,,,,,,,,,,,,,,,,,,,,,,,,,,,,,,,,,,,,,,,,,,
C276 C278,,,C,,,2,qualified_1@eagle_src_repo_8819a94826fe107100c913d4ec412d3185f90c61,passive,passive,DNP,0.25,,,,,,R1000UF63V,R1000UF,R10UF,R100UF,1UF-FILM-250V,CA1000UF-50V,PANASONIC_C,CPOL-D,PANASONIC_D,PANASONIC_F,0201,BZ05,BZ02,1206,0805,0603,0402,1210,,,,,,,,,,,,,,,,,,,,,,,,,,,,,,,,,,,,,,,,,,,,,,,,,,,,,,,,,,,,,,,,,,,,,,,,,,,,,,,,,,,,,,,,,,,,,,,,,,,,,,,,,,,
C277 C279,,,GRM31CR60J227ME11L,,,2,qualified_1@eagle_src_repo_8819a94826fe107100c913d4ec412d3185f90c61,passive,passive,GRM31CR60J227ME11L,0.51,,,,,,,,,,,,,,,,,,,,,,,,,,,,,,,,,,,,,,,,,,,,,,,,,,,,,,,,,,,,,,,,,,,,,,,,,,,,,,,,,,,,,,,,,,,,,,,,,,,,,,,,,,,,,,,,,,,,,,,,,,,,,,,,,,
C282 C283,,,C1608X5R1C475K080AC,,,2,qualified_1@eagle_src_repo_701dee95a4f0c9d27f896634bd535ea9ef5a137e,passive,passive,C1608X5R1C475K080AC,0.5,,,,,,,,,,,,,,,,,,,,,,,,,,,,,,,,,,,,,,,,,,,,,,,,,,,,,,,,,,,,,,,,,,,,,,,,,,,,,,,,,,,,,,,,,,,,,,,,,,,,,,,,,,,,,,,,,,,,,,,,,,,,,,,,,,
C284,,,C,,,1,qualified_1,passive,passive,DNP,0.25,0,5.600,28.400,2,90.000,R1000UF63V,R1000UF,R10UF,R100UF,,,PANASONIC_C,CPOL-D,PANASONIC_D,PANASONIC_F,0201,BZ05,BZ02,1206,0805,0603,0402,1210,,,,,,,,,,,,,,,,,,,,,,,,,,,,,,,,,,,,,,,,,,,,,,,,,,,,,,,,,,,,,,,,,,,,,,,,,,,,,,,,,,,,,,,,,,,,,,,,,,,,,,,,,,,
C285,,,UMK063CG100DTF,,,1,qualified_1@eagle_src_repo_701dee95a4f0c9d27f896634bd535ea9ef5a137e,passive,passive,UMK063CG100DTF,0.25,,,,,,,,,,,,,,,,,,,,,,,,,,,,,,,,,,,,,,,,,,,,,,,,,,,,,,,,,,,,,,,,,,,,,,,,,,,,,,,,,,,,,,,,,,,,,,,,,,,,,,,,,,,,,,,,,,,,,,,,,,,,,,,,,,
C3,,,C1608X5R1A106M080AC,,,1,qualified_1@eagle_src_repo_d00aa7e5b0aed880e2479218df7f64b10b504166,passive,passive,C1608X5R1A106M080AC,0.5,0,56.200,38.400,2,90.000,,,,,,,,,,,,,,,,,,,,,,,,,,,,,,,,,,,,,,,,,,,,,,,,,,,,,,,,,,,,,,,,,,,,,,,,,,,,,,,,,,,,,,,,,,,,,,,,,,,,,,,,,,,,,,,,,,,,,,,,,,,,,
C300 C81,,,CGB3B1X5R1A475K055AC,,,2,qualified_1,passive,passive,CGB3B1X5R1A475K055AC,0.5,0,66.900,11.100,4,0.000,,,,,,,,,,,,,,,,,,,,,,,,,,,,,,,,,,,,,,,,,,,,,,,,,,,,,,,,,,,,,,,,,,,,,,,,,,,,,,,,,,,,,,,,,,,,,,,,,,,,,,,,,,,,,,,,,,,,,,,,,,,,,
C301,,,GRM0335C1H220JA01D,,,1,qualified_1,passive,passive,GRM0335C1H220JA01D,0.25,0,-17.200,6.600,9,-270.000,,,,,,,,,,,,,,,,,,,,,,,,,,,,,,,,,,,,,,,,,,,,,,,,,,,,,,,,,,,,,,,,,,,,,,,,,,,,,,,,,,,,,,,,,,,,,,,,,,,,,,,,,,,,,,,,,,,,,,,,,,,,,
C302,,,GRM0335C1H220JA01D,,,1,qualified_1,passive,passive,GRM0335C1H220JA01D,0.25,0,-20.800,6.600,9,-90.000,,,,,,,,,,,,,,,,,,,,,,,,,,,,,,,,,,,,,,,,,,,,,,,,,,,,,,,,,,,,,,,,,,,,,,,,,,,,,,,,,,,,,,,,,,,,,,,,,,,,,,,,,,,,,,,,,,,,,,,,,,,,,
C304,,,GRM033R60J104KE19D,,,1,qualified_1@eagle_src_repo_d00aa7e5b0aed880e2479218df7f64b10b504166,passive,passive,GRM033R60J104KE19D,0.25,0,5.600,28.400,2,90.000,,,,,,,,,,,,,,,,,,,,,,,,,,,,,,,,,,,,,,,,,,,,,,,,,,,,,,,,,,,,,,,,,,,,,,,,,,,,,,,,,,,,,,,,,,,,,,,,,,,,,,,,,,,,,,,,,,,,,,,,,,,,,
C305,,,GRM033R61C103KA12D,,,1,qualified_1@eagle_src_repo_d00aa7e5b0aed880e2479218df7f64b10b504166,passive,passive,GRM033R61C103KA12D,0.25,0,47.400,38.400,2,90.000,,,,,,,,,,,,,,,,,,,,,,,,,,,,,,,,,,,,,,,,,,,,,,,,,,,,,,,,,,,,,,,,,,,,,,,,,,,,,,,,,,,,,,,,,,,,,,,,,,,,,,,,,,,,,,,,,,,,,,,,,,,,,
C306 C7,,,GRM31CR60J227ME11L,,,2,qualified_1@eagle_src_repo_d00aa7e5b0aed880e2479218df7f64b10b504166,passive,passive,GRM31CR60J227ME11L,0.51,,,,,,,,,,,,,,,,,,,,,,,,,,,,,,,,,,,,,,,,,,,,,,,,,,,,,,,,,,,,,,,,,,,,,,,,,,,,,,,,,,,,,,,,,,,,,,,,,,,,,,,,,,,,,,,,,,,,,,,,,,,,,,,,,,
C308 C311 C312 C4 C5 C6,,,GRM033R60J104KE19D,,,6,qualified_1@eagle_src_repo_0b5741b5d4abbb92614c593c71c49b300549e5ff,passive,passive,GRM033R60J104KE19D,0.25,,,,,,,,,,,,,,,,,,,,,,,,,,,,,,,,,,,,,,,,,,,,,,,,,,,,,,,,,,,,,,,,,,,,,,,,,,,,,,,,,,,,,,,,,,,,,,,,,,,,,,,,,,,,,,,,,,,,,,,,,,,,,,,,,,
C309 C318,,,GRM033R60J104KE19D,,,2,qualified_1@eagle_src_repo_0b5741b5d4abbb92614c593c71c49b300549e5ff,passive,passive,GRM033R60J104KE19D,0.25,0,5.600,28.400,2,90.000,,,,,,,,,,,,,,,,,,,,,,,,,,,,,,,,,,,,,,,,,,,,,,,,,,,,,,,,,,,,,,,,,,,,,,,,,,,,,,,,,,,,,,,,,,,,,,,,,,,,,,,,,,,,,,,,,,,,,,,,,,,,,
C315 C316 C52 C78,,,GRM033R61C103KA12D,,,4,qualified_1@eagle_src_repo_f26ba765df9be4aea4dc36b2b99244de1327d3cb,passive,passive,GRM033R61C103KA12D,0.25,,,,,,,,,,,,,,,,,,,,,,,,,,,,,,,,,,,,,,,,,,,,,,,,,,,,,,,,,,,,,,,,,,,,,,,,,,,,,,,,,,,,,,,,,,,,,,,,,,,,,,,,,,,,,,,,,,,,,,,,,,,,,,,,,,
C317 C79,,,EEE-1EA331UP,,,2,qualified_1@eagle_src_repo_f26ba765df9be4aea4dc36b2b99244de1327d3cb,passive,passive,EEE-1EA331UP,,,,,,,,,,,,,,,,,,,,,,,,,,,,,,,,,,,,,,,,,,,,,,,,,,,,,,,,,,,,,,,,,,,,,,,,,,,,,,,,,,,,,,,,,,,,,,,,,,,,,,,,,,,,,,,,,,,,,,,,,,,,,,,,,,,
C319,,,GRM0335C1E470JA01D,,,1,qualified_1@eagle_src_repo_c6614e3cc11e779d3ff6357e0a9e972de604ed16,passive,passive,GRM0335C1E470JA01D,0.25,,,,,,,,,,,,,,,,,,,,,,,,,,,,,,,,,,,,,,,,,,,,,,,,,,,,,,,,,,,,,,,,,,,,,,,,,,,,,,,,,,,,,,,,,,,,,,,,,,,,,,,,,,,,,,,,,,,,,,,,,,,,,,,,,,
C45 C46,,,C1608X5R1A106M080AC,,,2,qualified_1@eagle_src_repo_701dee95a4f0c9d27f896634bd535ea9ef5a137e,passive,passive,C1608X5R1A106M080AC,0.5,,,,,,,,,,,,,,,,,,,,,,,,,,,,,,,,,,,,,,,,,,,,,,,,,,,,,,,,,,,,,,,,,,,,,,,,,,,,,,,,,,,,,,,,,,,,,,,,,,,,,,,,,,,,,,,,,,,,,,,,,,,,,,,,,,
C63 C66 C88 C90 C91,,,GRM033R60J104KE19D,,,5,qualified_1@eagle_src_repo_635c6cefb04d901352cb5cab0982b753f09e9156,passive,passive,GRM033R60J104KE19D,0.25,,,,,,,,,,,,,,,,,,,,,,,,,,,,,,,,,,,,,,,,,,,,,,,,,,,,,,,,,,,,,,,,,,,,,,,,,,,,,,,,,,,,,,,,,,,,,,,,,,,,,,,,,,,,,,,,,,,,,,,,,,,,,,,,,,
C64,,,C1608X5R1A106M080AC,,,1,qualified_1@eagle_src_repo_635c6cefb04d901352cb5cab0982b753f09e9156,passive,passive,C1608X5R1A106M080AC,0.5,,,,,,,,,,,,,,,,,,,,,,,,,,,,,,,,,,,,,,,,,,,,,,,,,,,,,,,,,,,,,,,,,,,,,,,,,,,,,,,,,,,,,,,,,,,,,,,,,,,,,,,,,,,,,,,,,,,,,,,,,,,,,,,,,,
C65,,,CL05A105KO5NNNC,,,1,qualified_1@eagle_src_repo_635c6cefb04d901352cb5cab0982b753f09e9156,passive,passive,CL05A105KO5NNNC,0.35,,,,,,,,,,,,,,,,,,,,,,,,,,,,,,,,,,,,,,,,,,,,,,,,,,,,,,,,,,,,,,,,,,,,,,,,,,,,,,,,,,,,,,,,,,,,,,,,,,,,,,,,,,,,,,,,,,,,,,,,,,,,,,,,,,
C80 C82,,,GRM033R60J104KE19D,,,2,qualified_1,passive,passive,GRM033R60J104KE19D,0.25,0,64.700,10.600,4,90.000,,,,,,,,,,,,,,,,,,,,,,,,,,,,,,,,,,,,,,,,,,,,,,,,,,,,,,,,,,,,,,,,,,,,,,,,,,,,,,,,,,,,,,,,,,,,,,,,,,,,,,,,,,,,,,,,,,,,,,,,,,,,,
C83,,,GRM033R60J104KE19D,,,1,qualified_1,passive,passive,GRM033R60J104KE19D,0.25,0,58.600,19.050,4,0.000,,,,,,,,,,,,,,,,,,,,,,,,,,,,,,,,,,,,,,,,,,,,,,,,,,,,,,,,,,,,,,,,,,,,,,,,,,,,,,,,,,,,,,,,,,,,,,,,,,,,,,,,,,,,,,,,,,,,,,,,,,,,,
C84,,,GRM033R60J104KE19D,,,1,qualified_1,passive,passive,GRM033R60J104KE19D,0.25,0,66.300,12.650,4,0.000,,,,,,,,,,,,,,,,,,,,,,,,,,,,,,,,,,,,,,,,,,,,,,,,,,,,,,,,,,,,,,,,,,,,,,,,,,,,,,,,,,,,,,,,,,,,,,,,,,,,,,,,,,,,,,,,,,,,,,,,,,,,,
C85,,,EMK105B7104KV-F,,,1,qualified_1@eagle_src_repo_825e5973c79738778b249d35b895f4444d985c7a,passive,passive,EMK105B7104KV-F,0.35,0,1.400,-9.000,9,-90.000,,,,,,,,,,,,,,,,,,,,,,,,,,,,,,,,,,,,,,,,,,,,,,,,,,,,,,,,,,,,,,,,,,,,,,,,,,,,,,,,,,,,,,,,,,,,,,,,,,,,,,,,,,,,,,,,,,,,,,,,,,,,,
C86,,,EMK212BJ106KG-T,,,1,qualified_1@eagle_src_repo_825e5973c79738778b249d35b895f4444d985c7a,passive,passive,EMK212BJ106KG-T,0.51,0,74.600,25.600,1,0.000,,,,,,,,,,,,,,,,,,,,,,,,,,,,,,,,,,,,,,,,,,,,,,,,,,,,,,,,,,,,,,,,,,,,,,,,,,,,,,,,,,,,,,,,,,,,,,,,,,,,,,,,,,,,,,,,,,,,,,,,,,,,,
C87,,,CL05A105KO5NNNC,,,1,qualified_1@eagle_src_repo_825e5973c79738778b249d35b895f4444d985c7a,passive,passive,CL05A105KO5NNNC,0.35,,,,,,,,,,,,,,,,,,,,,,,,,,,,,,,,,,,,,,,,,,,,,,,,,,,,,,,,,,,,,,,,,,,,,,,,,,,,,,,,,,,,,,,,,,,,,,,,,,,,,,,,,,,,,,,,,,,,,,,,,,,,,,,,,,
C89,,,CGB3B1X5R1A475K055AC,,,1,qualified_1,passive,passive,CGB3B1X5R1A475K055AC,0.5,,,,,,,,,,,,,,,,,,,,,,,,,,,,,,,,,,,,,,,,,,,,,,,,,,,,,,,,,,,,,,,,,,,,,,,,,,,,,,,,,,,,,,,,,,,,,,,,,,,,,,,,,,,,,,,,,,,,,,,,,,,,,,,,,,
C92,,,C,,,1,qualified_1@eagle_src_repo_825e5973c79738778b249d35b895f4444d985c7a,passive,passive,22uF,0.25,0,71.300,21.800,1,270.000,R1000UF63V,R1000UF,R10UF,R100UF,1UF-FILM-250V,CA1000UF-50V,PANASONIC_C,CPOL-D,PANASONIC_D,PANASONIC_F,0201,BZ05,BZ02,1206,0805,0603,0402,1210,PANASONIC_H,,,,,,,,,,,,,,,,,,,,,,,,,,,,,,,,,,,,,,,,,,,,,,,,,,,,,,,,,,,,,,,,,,,,,,,,,,,,,,,,,,,,,,,,,,,,,,,,,,,,,,,,,,
C93,,,UMK063CG100DTF,,,1,qualified_1@eagle_src_repo_825e5973c79738778b249d35b895f4444d985c7a,passive,passive,UMK063CG100DTF,0.25,,,,,,,,,,,,,,,,,,,,,,,,,,,,,,,,,,,,,,,,,,,,,,,,,,,,,,,,,,,,,,,,,,,,,,,,,,,,,,,,,,,,,,,,,,,,,,,,,,,,,,,,,,,,,,,,,,,,,,,,,,,,,,,,,,
D1 D11 D12 D19 D3 D4 D7,,,B72590D0050A060,,,7,qualified_1,passive,passive,B72590D0050A060,0.35,,,,,,,,,,,,,,,,,,,,,,,,,,,,,,,,,,,,,,,,,,,,,,,,,,,,,,,,,,,,,,,,,,,,,,,,,,,,,,,,,,,,,,,,,,,,,,,,,,,,,,,,,,,,,,,,,,,,,,,,,,,,,,,,,,
D10 D15 D16 D17 D2 D5 D6 D9,,,PS04LTVA1,,,8,qualified_1,passive,passive,PS04LTVA1,0.35,,,,,,,,,,,,,,,,,,,,,,,,,,,,,,,,,,,,,,,,,,,,,,,,,,,,,,,,,,,,,,,,,,,,,,,,,,,,,,,,,,,,,,,,,,,,,,,,,,,,,,,,,,,,,,,,,,,,,,,,,,,,,,,,,,
D13,,,150060RS75000,,,1,qualified_1,passive,passive,150060RS75000,0.5,,,,,,,,,,,,,,,,,,,,,,,,,,,,,,,,,,,,,,,,,,,,,,,,,,,,,,,,,,,,,,,,,,,,,,,,,,,,,,,,,,,,,,,,,,,,,,,,,,,,,,,,,,,,,,,,,,,,,,,,,,,,,,,,,,
D14 D18,Schottky Diode,,CDBC540-G,,,2,qualified_1,passive,passive,CDBC540-G,,,,,,,,,,,,,,,,,,,,,,,,,,,,,,,,,,,,,,,,,,,,,,,,,,,,,,,,,,,,,,,,,,,,,,,,,,,,,,,,,,,,,,,,,,,,,,,,,,,,,,,,,,,,,,,,,,,,,,,,,,,,,,,,,,,
D8,,,150060GS75000,,,1,qualified_1,passive,passive,150060GS75000,0.5,,,,,,,,,,,,,,,,,,,,,,,,,,,,,,,,,,,,,,,,,,,,,,,,,,,,,,,,,,,,,,,,,,,,,,,,,,,,,,,,,,,,,,,,,,,,,,,,,,,,,,,,,,,,,,,,,,,,,,,,,,,,,,,,,,
FB1 FB18 FB19 FB2 FB20 FB3,,,BLM15PX121SN1D,,,6,qualified_1@eagle_src_repo_0b5741b5d4abbb92614c593c71c49b300549e5ff,passive,passive,BLM15PX121SN1D,0.35,0,11.200,28.400,2,90.000,,,,,,,,,,,,,,,,,,,,,,,,,,,,,,,,,,,,,,,,,,,,,,,,,,,,,,,,,,,,,,,,,,,,,,,,,,,,,,,,,,,,,,,,,,,,,,,,,,,,,,,,,,,,,,,,,,,,,,,,,,,,,
FB10,,,BLM15PX121SN1D,,,1,qualified_1,passive,passive,BLM15PX121SN1D,0.35,0,56.400,28.200,2,0.000,,,,,,,,,,,,,,,,,,,,,,,,,,,,,,,,,,,,,,,,,,,,,,,,,,,,,,,,,,,,,,,,,,,,,,,,,,,,,,,,,,,,,,,,,,,,,,,,,,,,,,,,,,,,,,,,,,,,,,,,,,,,,
FB11,,,BLM15PX121SN1D,,,1,qualified_1,passive,passive,BLM15PX121SN1D,0.35,0,54.000,38.400,2,90.000,,,,,,,,,,,,,,,,,,,,,,,,,,,,,,,,,,,,,,,,,,,,,,,,,,,,,,,,,,,,,,,,,,,,,,,,,,,,,,,,,,,,,,,,,,,,,,,,,,,,,,,,,,,,,,,,,,,,,,,,,,,,,
FB12 FB13 FB14,,,BLM15PX121SN1D,,,3,qualified_1,passive,passive,BLM15PX121SN1D,0.35,0,49.400,38.400,2,90.000,,,,,,,,,,,,,,,,,,,,,,,,,,,,,,,,,,,,,,,,,,,,,,,,,,,,,,,,,,,,,,,,,,,,,,,,,,,,,,,,,,,,,,,,,,,,,,,,,,,,,,,,,,,,,,,,,,,,,,,,,,,,,
FB15 FB17 FB4,,,BLM15PX121SN1D,,,3,qualified_1@eagle_src_repo_d00aa7e5b0aed880e2479218df7f64b10b504166,passive,passive,BLM15PX121SN1D,0.35,0,49.400,38.400,2,90.000,,,,,,,,,,,,,,,,,,,,,,,,,,,,,,,,,,,,,,,,,,,,,,,,,,,,,,,,,,,,,,,,,,,,,,,,,,,,,,,,,,,,,,,,,,,,,,,,,,,,,,,,,,,,,,,,,,,,,,,,,,,,,
FB16,,,BLM15PX121SN1D,,,1,qualified_1@eagle_src_repo_d00aa7e5b0aed880e2479218df7f64b10b504166,passive,passive,BLM15PX121SN1D,0.35,0,54.000,38.400,2,90.000,,,,,,,,,,,,,,,,,,,,,,,,,,,,,,,,,,,,,,,,,,,,,,,,,,,,,,,,,,,,,,,,,,,,,,,,,,,,,,,,,,,,,,,,,,,,,,,,,,,,,,,,,,,,,,,,,,,,,,,,,,,,,
FB9,,,BLM15PX121SN1D,,,1,qualified_1@eagle_src_repo_635c6cefb04d901352cb5cab0982b753f09e9156,passive,passive,BLM15PX121SN1D,0.35,,,,,,,,,,,,,,,,,,,,,,,,,,,,,,,,,,,,,,,,,,,,,,,,,,,,,,,,,,,,,,,,,,,,,,,,,,,,,,,,,,,,,,,,,,,,,,,,,,,,,,,,,,,,,,,,,,,,,,,,,,,,,,,,,,
IC1 IC10,,,TPS2065CDGNR,,,2,qualified_1,i/o,i/o,TPS2065CDGNR,1.1,,,,,,,,,,,,,,,,,,,,,,,,,output,i/o,power,power,i/o,output,i/o,,,,,,,,,,,,,,,,,,,,,,,,,,,,,,,,,,,,,,,,,,,,,,,,,,,,,,,,,,,,,,,,,,,,,,,,,,,,,,,,,,,,,,,,,,,,,,,,,,,
IC2 IC9,Single Bus <b>Buffer</b> Gate With 3-State Outputs,,SN74LV1T126DCKR,,,2,qualified_1,input,input,,1.1,,,,,,,,,,,,,,,,,,,,,,,,,,power,power,,,,output,,,,,,,,,,,,,,,,,,,,,,,,,,,,,,,,,,,,,,,,,,,,,,,,,,,,,,,,,,,,,,,,,,,,,,,,,,,,,,,,,,,,,,,,,,,,,,,,,,,
IC3,Single Bus <b>Buffer</b> Gate With 3-State Outputs,,SN74LV1T126DCKR,,,1,qualified_1,input,input,,1.1,0,58.050,17.100,4,90.000,,,,,,,,,,,,,,,,,,,,,power,power,,,,output,,,,,,,,,,,,,,,,,,,,,,,,,,,,,,,,,,,,,,,,,,,,,,,,,,,,,,,,,,,,,,,,,,,,,,,,,,,,,,,,,,,,,,,,,,,,,,,,,,,
IC4,,,TPS62111RSAT,,,1,qualified_1,input,input,TPS62111RSAT,1,0,74.800,22.000,1,180.000,,,,,,,,,,,,,,,,,,,,power,passive,input,output,output,power,power,input,power,input,power,power,power,power,power,,,,,,,,,,,,,,,,,,,,,,,,,,,,,,,,,,,,,,,,,,,,,,,,,,,,,,,,,,,,,,,,,,,,,,,,,,,,,,,,,,,,,,,,,,,
IC5,2-wire serial <B>EEPROM</B>,,CAT24C256YI-GT3,,,1,qualified_1,input,input,,1,,,,,,,,,,,,,,,,,,,,,,,,,power,input,i/o,i/o,,power,input,,,,,,,,,,,,,,,,,,,,,,,,,,,,,,,,,,,,,,,,,,,,,,,,,,,,,,,,,,,,,,,,,,,,,,,,,,,,,,,,,,,,,,,,,,,,,,,,,,,
IC6,Source: http://www.ftdichip.com/Documents/DataSheets/DS_FT232R_v104.pdf,,FT232RQ-REEL,,,1,qualified_1,output,power,,0.9,0,61.700,13.850,4,0.000,,,,,,,,,,,,,,,,,,,,output,i/o,output,input,input,power,i/o,input,output,i/o,input,i/o,input,output,input,power,i/o,i/o,power,i/o,power,FT232RQ,input,1146033,91K9919,input,power,,,,,,,,,,,,,,,,,,,,,,,,,,,,,,,,,,,,,,,,,,,,,,,,,,,,,,,,,,,,,,,,,,,,,,,,,,,,,,,
IC7,,,EP5368QI,,,1,qualified_1,input,input,EP5368QI,1.1,,,,,,,,,,,,,,,,,,,,,,,,,input,input,power,input,power,passive,input,,,,power,,,power,,,,,,,,,,,,,,,,,,,,,,,,,,,,,,,,,,,,,,,,,,,,,,,,,,,,,,,,,,,,,,,,,,,,,,,,,,,,,,,,,,,,,,,,,,,,
IC8,Single Bus <b>Buffer</b> Gate With 3-State Outputs,,SN74LVC1G126,,,1,qualified_1,input,input,,1.1,,,,,,,,,,,,,,,,,,,,,,,DCKR,,,power,power,,,,output,,,,,,,,,,,,,,,,,,,,,,,,,,,,,,,,,,,,,,,,,,,,,,,,,,,,,,,,,,,,,,,,,,,,,,,,,,,,,,,,,,,,,,,,,,,,,,,,,,,
J1 J8,<h3>USB 3.0 Host A</h3>,,10117836-002LF,,,2,qualified_1,passive,passive,,,,,,,,,,,,,,,,,,,,,,,,,,,passive,passive,passive,passive,passive,passive,passive,passive,,,,,,passive,,,,,,,,,,,,,,,,,,,,,,,,,,,,,,,,,,,,,,,,,,,,,,,,,,,,,,,,,,,,,,,,,,,,,,,,,,,,,,,,,,,,,,,,,,,,
J2 J5,DF40 Series 100 Position Dual Row 0.4 mm Pitch Surface Mount Vertical Receptacle,,DF40C-100DS-0.4V(51),,None,2,qualified_1,passive,passive,,,,,,,,,,,,,,,,,,,,,,,,,,,passive,passive,passive,passive,passive,passive,passive,passive,passive,passive,passive,passive,passive,passive,passive,passive,passive,passive,passive,passive,passive,,passive,,,passive,passive,passive,passive,passive,passive,passive,passive,passive,passive,passive,passive,passive,passive,passive,passive,passive,passive,passive,passive,passive,passive,passive,passive,passive,passive,passive,passive,passive,passive,https://www.digikey.ca/product-detail/en/hirose-electric-co-ltd/DF40C-100DS-0.4V_51_/H11615CT-ND/1969495?utm_source=snapeda&utm_medium=aggregator&utm_campaign=symbol,passive,passive,Hirose,passive,passive,DF40C-100DS-0.4V_51_,passive,passive,passive,passive,passive,passive,passive,passive,passive,passive,passive,passive,passive,passive,passive,passive,passive,passive,passive,passive,passive,passive,passive, DF40 Series 100 Position Dual Row 0.4 mm Pitch Surface Mount Vertical Receptacle ,passive,passive,H11615CT-ND,passive,passive,passive,passive,passive,passive,passive,passive,passive,passive,passive,passive,passive,passive,passive,passive,passive
J3,,,10118192-0001LF,,,1,qualified_1,i/o,i/o,,,,,,,,,,,,,,,,,,,,,,,,,,,i/o,i/o,i/o,i/o,i/o,i/o,i/o,i/o,,,,,,i/o,,,,,,,,,,,,,,,,,,,,,,,,,,,,,,,,,,,,,,,,,,,,,,,,,,,,,,,,,,,,,,,,,,,,,,,,,,,,,,,,,,,,,,,,,,,,
J4,1000BASE-T Ethernet Jack,,7499111447,,,1,qualified_1,i/o,i/o,,,,,,,,,,,,,,,,,,,,,,,,,,,i/o,i/o,i/o,i/o,i/o,i/o,i/o,i/o,i/o,,i/o,i/o,i/o,i/o,i/o,,,,,,,,,,,,,,,,,,,,,,,,,,,,,,,,,,,,,,,,,,,,,,,,,,,,,,,,,,,,,,,,,,,,,,,,,,,,,,,,,,,,,,,,,,,
J6,"<h3>USB 3.0 Stacking Dual Host Port</h3>
<P>
<a href=""http://media.digikey.com/pdf/Data%20Sheets/Amphenol%20PDFs/GSB31123xxHR_Dwg.PDF"">http://media.digikey.com/pdf/Data%20Sheets/Amphenol%20PDFs/GSB31123xxHR_Dwg.PDF</a>",,GSB311231HR,,,1,qualified_1,passive,passive,,,,,,,,,,,,,,,,,,,,,,,,,,,passive,passive,passive,passive,passive,passive,passive,passive,passive,passive,passive,passive,passive,passive,passive,,passive,passive,passive,passive,,,passive,,,,,,,,,,,,,,,,,,,,,,,,,,,,,,,,,,,,,,,,,,,,,,,,,,,,,,,,,,,,,,,,,,,,,,,,,,,,,,,,,,,
J7,"Detailed Description	Connector Header Through Hole, Right Angle 3 position 0.100"" (2.54mm) [SL 70533 Series]",,70553-0002,,,1,qualified_1,passive,passive,,,,,,,,,,,,,,,,,,,,,,,,,,,,,,,,,passive,,,,,,,,,,,,,,,,,,,,,,,,,,,,,,,,,,,,,,,,,,,,,,,,,,,,,,,,,,,,,,,,,,,,,,,,,,,,,,,,,,,,,,,,,,,,,,,,,,,
K1,WR-COM Horizontal Dual Stacked USB Type A,,61400826021,,,1,qualified_1,i/o,i/o,,,,,,,,,,,,,,,,,,,,,,,,,,,i/o,i/o,i/o,i/o,i/o,i/o,i/o,i/o,i/o,,,,,i/o,,,,,,,,,,,,,,,,,,,,,,,,,,,,,,,,,,,,,,,,,,,,,,,,,,,,,,,,,,,,,,,,,,,,,,,,,,,,,,,,,,,,,,,,,,,,
L1 L19 L20 L21 L22 L3,,,DLP11SN900HL2L,,,6,qualified_1@eagle_src_repo_0b5741b5d4abbb92614c593c71c49b300549e5ff,passive,passive,DLP11SN900HL2L,0.83,,,,,,,,,,,,,,,,,,,,,,,,,,passive,,,,,passive,,,,,,,,,,,,,,,,,,,,,,,,,,,,,,,,,,,,,,,,,,,,,,,,,,,,,,,,,,,,,,,,,,,,,,,,,,,,,,,,,,,,,,,,,,,,,,,,,,,
L10 L11 L12 L13 L7 L8 L9,,,DLP11SN900HL2L,,,7,qualified_1,passive,passive,DLP11SN900HL2L,0.83,,,,,,,,,,,,,,,,,,,,,,,,,,passive,,,,,passive,,,,,,,,,,,,,,,,,,,,,,,,,,,,,,,,,,,,,,,,,,,,,,,,,,,,,,,,,,,,,,,,,,,,,,,,,,,,,,,,,,,,,,,,,,,,,,,,,,,
L14 L2,,,IHLP3232DZER100M11,,,2,qualified_1@eagle_src_repo_f26ba765df9be4aea4dc36b2b99244de1327d3cb,passive,passive,IHLP3232DZER100M11,,0,76.000,17.000,1,180.000,,,,,,,,,,,,,,,,,,,,,,,,,,,,,,,,,,,,,,,,,,,,,,,,,,,,,,,,,,,,,,,,,,,,,,,,,,,,,,,,,,,,,,,,,,,,,,,,,,,,,,,,,,,,,,,,,,,,,,,,,,,,,
L15,,,LQH44PN6R8MP0L,,,1,qualified_1@eagle_src_repo_825e5973c79738778b249d35b895f4444d985c7a,passive,passive,LQH44PN6R8MP0L, 1.9,,,,,,,,,,,,,,,,,,,,,,,,,,,,,,,,,,,,,,,,,,,,,,,,,,,,,,,,,,,,,,,,,,,,,,,,,,,,,,,,,,,,,,,,,,,,,,,,,,,,,,,,,,,,,,,,,,,,,,,,,,,,,,,,,,
L16 L17 L18 L4 L5 L6,,,DLP11SN900HL2L,,,6,qualified_1@eagle_src_repo_d00aa7e5b0aed880e2479218df7f64b10b504166,passive,passive,DLP11SN900HL2L,0.83,,,,,,,,,,,,,,,,,,,,,,,,,,passive,,,,,passive,,,,,,,,,,,,,,,,,,,,,,,,,,,,,,,,,,,,,,,,,,,,,,,,,,,,,,,,,,,,,,,,,,,,,,,,,,,,,,,,,,,,,,,,,,,,,,,,,,,
MP1 MP2 MP3 MP4,Bullet connector (for RC) solder pad.,,9774015151R,,,4,qualified_1,,i/o,,,,,,,,,,,,,,,,,,,,,,,,,,,,,,,,,,,,,,,,,,,,,,,,,,,,,,,,,,,,,,,,,,,,,,,,,,,,,,,,,,,,,,,,,,,,,,,,,,,,,,,,,,,,,,,,,,,,,,,,,,,,,,,,,,,,
Q1 Q4 Q5,<b>N-Channel Enhancement MOSFET</b>,,BSS138,,,3,qualified_1,passive,passive,BSS138,1.12,,,,,,,,,,,,,,,,,,,,,,,,,,,,,,,passive,,,,,,,,,,,,,,,,,,,,,,,,,,,,,,,,,,,,,,,,,,,,,,,,,,,,,,,,,,,,,,,,,,,,,,,,,,,,,,,,,,,,,,,,,,,,,,,,,,,
Q2 Q3,,,FDN360P,,,2,qualified_1,passive,passive,FDN360P,1.12,,,,,,,,,,,,,,,,,,,,,,,,,,,,,,,passive,,,,,,,,,,,,,,,,,,,,,,,,,,,,,,,,,,,,,,,,,,,,,,,,,,,,,,,,,,,,,,,,,,,,,,,,,,,,,,,,,,,,,,,,,,,,,,,,,,,
R1 R27 R51 R55,,,RC0201FR-0710KL,,,4,qualified_1,passive,passive,RC0201FR-0710KL,0.25,,,,,,,,,,,,,,,,,,,,,,,,,,,,,,,,,,,,,,,,,,,,,,,,,,,,,,,,,,,,,,,,,,,,,,,,,,,,,,,,,,,,,,,,,,,,,,,,,,,,,,,,,,,,,,,,,,,,,,,,,,,,,,,,,,
R10 R11,,,ERJ-1GEJ204C,,,2,qualified_1,passive,passive,ERJ-1GEJ204C,0.25,,,,,,,,,,,,,,,,,,,,,,,,,,,,,,,,,,,,,,,,,,,,,,,,,,,,,,,,,,,,,,,,,,,,,,,,,,,,,,,,,,,,,,,,,,,,,,,,,,,,,,,,,,,,,,,,,,,,,,,,,,,,,,,,,,
R12 R59,,,RC0201FR-07100KL,,,2,qualified_1@eagle_src_repo_f26ba765df9be4aea4dc36b2b99244de1327d3cb,passive,passive,RC0201FR-07100KL,0.25,0,-20.800,8.200,9,-270.000,,,,,,,,,,,,,,,,,,,,,,,,,,,,,,,,,,,,,,,,,,,,,,,,,,,,,,,,,,,,,,,,,,,,,,,,,,,,,,,,,,,,,,,,,,,,,,,,,,,,,,,,,,,,,,,,,,,,,,,,,,,,,
R13 R62,,,R,,,2,qualified_1,passive,passive,1M0,0.51,0,-20.800,8.200,9,-270.000,,,,,,,,,,,,2010,2512,1206,0805,0201,0402,0603,,,,,,,,,,,,,,,,,,,,,,,,,,,,,,,,,,,,,,,,,,,,,,,,,,,,,,,,,,,,,,,,,,,,,,,,,,,,,,,,,,,,,,,,,,,,,,,,,,,,,,,,,,,
R14 R15,,,RC0201FR-0710KL,,,2,qualified_1,passive,passive,RC0201FR-0710KL,0.25,0,-17.200,8.200,9,-270.000,,,,,,,,,,,,,,,,,,,,,,,,,,,,,,,,,,,,,,,,,,,,,,,,,,,,,,,,,,,,,,,,,,,,,,,,,,,,,,,,,,,,,,,,,,,,,,,,,,,,,,,,,,,,,,,,,,,,,,,,,,,,,
R16,,,ERJ-1GEF1202C,,,1,qualified_1,passive,passive,ERJ-1GEF1202C,0.25,,,,,,,,,,,,,,,,,,,,,,,,,,,,,,,,,,,,,,,,,,,,,,,,,,,,,,,,,,,,,,,,,,,,,,,,,,,,,,,,,,,,,,,,,,,,,,,,,,,,,,,,,,,,,,,,,,,,,,,,,,,,,,,,,,
R17 R61,,,ERJ-2RKF3162X,,,2,qualified_1@eagle_src_repo_f26ba765df9be4aea4dc36b2b99244de1327d3cb,passive,passive,ERJ-2RKF3162X,0.35,0,-20.800,8.200,9,-270.000,,,,,,,,,,,,,,,,,,,,,,,,,,,,,,,,,,,,,,,,,,,,,,,,,,,,,,,,,,,,,,,,,,,,,,,,,,,,,,,,,,,,,,,,,,,,,,,,,,,,,,,,,,,,,,,,,,,,,,,,,,,,,
R18 R68,,,CR0805-J/-000ELF,,,2,qualified_1@eagle_src_repo_f26ba765df9be4aea4dc36b2b99244de1327d3cb,passive,passive,CR0805-J/-000ELF,0.51,,,,,,,,,,,,,,,,,,,,,,,,,,,,,,,,,,,,,,,,,,,,,,,,,,,,,,,,,,,,,,,,,,,,,,,,,,,,,,,,,,,,,,,,,,,,,,,,,,,,,,,,,,,,,,,,,,,,,,,,,,,,,,,,,,
R19,,,RC1005J000CS,,,1,qualified_1@eagle_src_repo_825e5973c79738778b249d35b895f4444d985c7a,passive,passive,RC1005J000CS,0.35,0,72.800,18.400,1,270.000,,,,,,,,,,,,,,,,,,,,,,,,,,,,,,,,,,,,,,,,,,,,,,,,,,,,,,,,,,,,,,,,,,,,,,,,,,,,,,,,,,,,,,,,,,,,,,,,,,,,,,,,,,,,,,,,,,,,,,,,,,,,,
R2,,,ERJ-1GNJ151C,,,1,qualified_1,passive,passive,ERJ-1GNJ151C,0.25,,,,,,,,,,,,,,,,,,,,,,,,,,,,,,,,,,,,,,,,,,,,,,,,,,,,,,,,,,,,,,,,,,,,,,,,,,,,,,,,,,,,,,,,,,,,,,,,,,,,,,,,,,,,,,,,,,,,,,,,,,,,,,,,,,
R20,,,R,,,1,qualified_1@eagle_src_repo_825e5973c79738778b249d35b895f4444d985c7a,passive,passive,1M0,0.51,,,,,,,,,,,,,,,,,2010,2512,1206,0805,0201,0402,0603,,,,,,,,,,,,,,,,,,,,,,,,,,,,,,,,,,,,,,,,,,,,,,,,,,,,,,,,,,,,,,,,,,,,,,,,,,,,,,,,,,,,,,,,,,,,,,,,,,,,,,,,,,,
R21,,,RC0201JR-070RL,,,1,qualified_1@eagle_src_repo_825e5973c79738778b249d35b895f4444d985c7a,passive,passive,RC0201JR-070RL,0.25,,,,,,,,,,,,,,,,,,,,,,,,,,,,,,,,,,,,,,,,,,,,,,,,,,,,,,,,,,,,,,,,,,,,,,,,,,,,,,,,,,,,,,,,,,,,,,,,,,,,,,,,,,,,,,,,,,,,,,,,,,,,,,,,,,
R22,,,R,,,1,qualified_1@eagle_src_repo_825e5973c79738778b249d35b895f4444d985c7a,passive,passive,DNP,0.51,0,72.800,18.400,1,270.000,,,,,,,,,,,,2010,2512,1206,0805,0201,0402,0603,,,,,,,,,,,,,,,,,,,,,,,,,,,,,,,,,,,,,,,,,,,,,,,,,,,,,,,,,,,,,,,,,,,,,,,,,,,,,,,,,,,,,,,,,,,,,,,,,,,,,,,,,,,
R23 R33 R34 R35 R36 R37 R42 R58,,,ERJ-1GEF49R9C,,,8,qualified_1@eagle_src_repo_635c6cefb04d901352cb5cab0982b753f09e9156,passive,passive,ERJ-1GEF49R9C,0.25,,,,,,,,,,,,,,,,,,,,,,,,,,,,,,,,,,,,,,,,,,,,,,,,,,,,,,,,,,,,,,,,,,,,,,,,,,,,,,,,,,,,,,,,,,,,,,,,,,,,,,,,,,,,,,,,,,,,,,,,,,,,,,,,,,
R24 R25,,,ERJ-1GEJ331C,,,2,qualified_1@eagle_src_repo_635c6cefb04d901352cb5cab0982b753f09e9156,passive,passive,ERJ-1GEJ331C,0.25,,,,,,,,,,,,,,,,,,,,,,,,,,,,,,,,,,,,,,,,,,,,,,,,,,,,,,,,,,,,,,,,,,,,,,,,,,,,,,,,,,,,,,,,,,,,,,,,,,,,,,,,,,,,,,,,,,,,,,,,,,,,,,,,,,
R26 R40,,,P1.0KAGTR-ND,,,2,qualified_1,passive,passive,P1.0KAGTR-ND,0.25,,,,,,,,,,,,,,,,,,,,,,,,,,,,,,,,,,,,,,,,,,,,,,,,,,,,,,,,,,,,,,,,,,,,,,,,,,,,,,,,,,,,,,,,,,,,,,,,,,,,,,,,,,,,,,,,,,,,,,,,,,,,,,,,,,
R28 R30 R47 R52 R53 R54,,,RC0201FR-07100KL,,,6,qualified_1,passive,passive,RC0201FR-07100KL,0.25,,,,,,,,,,,,,,,,,,,,,,,,,,,,,,,,,,,,,,,,,,,,,,,,,,,,,,,,,,,,,,,,,,,,,,,,,,,,,,,,,,,,,,,,,,,,,,,,,,,,,,,,,,,,,,,,,,,,,,,,,,,,,,,,,,
R29 R45,,,ERJ-2RKF3000X,,,2,qualified_1,passive,passive,ERJ-2RKF3000X,0.35,,,,,,,,,,,,,,,,,,,,,,,,,,,,,,,,,,,,,,,,,,,,,,,,,,,,,,,,,,,,,,,,,,,,,,,,,,,,,,,,,,,,,,,,,,,,,,,,,,,,,,,,,,,,,,,,,,,,,,,,,,,,,,,,,,
R3 R65 R69,,,RC0201JR-070RL,,,3,qualified_1,passive,passive,RC0201JR-070RL,0.25,0,-17.200,8.200,9,-270.000,,,,,,,,,,,,,,,,,,,,,,,,,,,,,,,,,,,,,,,,,,,,,,,,,,,,,,,,,,,,,,,,,,,,,,,,,,,,,,,,,,,,,,,,,,,,,,,,,,,,,,,,,,,,,,,,,,,,,,,,,,,,,
R31 R44 R49 R50,,,RC0201JR-070RL,,,4,qualified_1,passive,passive,RC0201JR-070RL,0.25,,,,,,,,,,,,,,,,,,,,,,,,,,,,,,,,,,,,,,,,,,,,,,,,,,,,,,,,,,,,,,,,,,,,,,,,,,,,,,,,,,,,,,,,,,,,,,,,,,,,,,,,,,,,,,,,,,,,,,,,,,,,,,,,,,
R32,,,RC0201FR-0712K1L,,,1,qualified_1,passive,passive,RC0201FR-0712K1L,0.25,,,,,,,,,,,,,,,,,,,,,,,,,,,,,,,,,,,,,,,,,,,,,,,,,,,,,,,,,,,,,,,,,,,,,,,,,,,,,,,,,,,,,,,,,,,,,,,,,,,,,,,,,,,,,,,,,,,,,,,,,,,,,,,,,,
R38,,,RC0201FR-0710KL,,,1,qualified_1@eagle_src_repo_83354d0c2c11c8ce792d5cc032a7091e5ff73f00,passive,passive,RC0201FR-0710KL,0.25,,,,,,,,,,,,,,,,,,,,,,,,,,,,,,,,,,,,,,,,,,,,,,,,,,,,,,,,,,,,,,,,,,,,,,,,,,,,,,,,,,,,,,,,,,,,,,,,,,,,,,,,,,,,,,,,,,,,,,,,,,,,,,,,,,
R39,,,RC0201JR-070RL,,,1,qualified_1@eagle_src_repo_83354d0c2c11c8ce792d5cc032a7091e5ff73f00,passive,passive,RC0201JR-070RL,0.25,,,,,,,,,,,,,,,,,,,,,,,,,,,,,,,,,,,,,,,,,,,,,,,,,,,,,,,,,,,,,,,,,,,,,,,,,,,,,,,,,,,,,,,,,,,,,,,,,,,,,,,,,,,,,,,,,,,,,,,,,,,,,,,,,,
R4,,,ERJ-1GEF1202C,,,1,qualified_1,passive,passive,ERJ-1GEF1202C,0.25,0,-20.800,8.200,9,-270.000,,,,,,,,,,,,,,,,,,,,,,,,,,,,,,,,,,,,,,,,,,,,,,,,,,,,,,,,,,,,,,,,,,,,,,,,,,,,,,,,,,,,,,,,,,,,,,,,,,,,,,,,,,,,,,,,,,,,,,,,,,,,,
R41,,,ERJ-1GNF10R0C,,,1,qualified_1@eagle_src_repo_635c6cefb04d901352cb5cab0982b753f09e9156,passive,passive,ERJ-1GNF10R0C,0.25,,,,,,,,,,,,,,,,,,,,,,,,,,,,,,,,,,,,,,,,,,,,,,,,,,,,,,,,,,,,,,,,,,,,,,,,,,,,,,,,,,,,,,,,,,,,,,,,,,,,,,,,,,,,,,,,,,,,,,,,,,,,,,,,,,
R43,,,CRCW040275R0FKEDC,,,1,qualified_1@eagle_src_repo_08f38ff5c3a3a6fa35c93a02bac883b74ea519d0,passive,passive,CRCW040275R0FKEDC,0.35,,,,,,,,,,,,,,,,,,,,,,,,,,,,,,,,,,,,,,,,,,,,,,,,,,,,,,,,,,,,,,,,,,,,,,,,,,,,,,,,,,,,,,,,,,,,,,,,,,,,,,,,,,,,,,,,,,,,,,,,,,,,,,,,,,
R48 R67 R9,,,R,,,3,qualified_1,passive,passive,DNP,0.51,,,,,,,,,,,,,,,,,2010,2512,1206,0805,0201,0402,0603,,,,,,,,,,,,,,,,,,,,,,,,,,,,,,,,,,,,,,,,,,,,,,,,,,,,,,,,,,,,,,,,,,,,,,,,,,,,,,,,,,,,,,,,,,,,,,,,,,,,,,,,,,,
R5 R6 R63 R64 R7 R8,,,RC0201FR-07100KL,,,6,qualified_1,passive,passive,RC0201FR-07100KL,0.25,0,-20.800,8.200,9,-270.000,,,,,,,,,,,,,,,,,,,,,,,,,,,,,,,,,,,,,,,,,,,,,,,,,,,,,,,,,,,,,,,,,,,,,,,,,,,,,,,,,,,,,,,,,,,,,,,,,,,,,,,,,,,,,,,,,,,,,,,,,,,,,
R56 R57,,,ERJ-1GNJ152C,,,2,qualified_1,passive,passive,ERJ-1GNJ152C,0.25,,,,,,,,,,,,,,,,,,,,,,,,,,,,,,,,,,,,,,,,,,,,,,,,,,,,,,,,,,,,,,,,,,,,,,,,,,,,,,,,,,,,,,,,,,,,,,,,,,,,,,,,,,,,,,,,,,,,,,,,,,,,,,,,,,
R60,,,RC0201JR-070RL,,,1,qualified_1,passive,passive,RC0201JR-070RL,0.25,0,-20.800,8.200,9,-270.000,,,,,,,,,,,,,,,,,,,,,,,,,,,,,,,,,,,,,,,,,,,,,,,,,,,,,,,,,,,,,,,,,,,,,,,,,,,,,,,,,,,,,,,,,,,,,,,,,,,,,,,,,,,,,,,,,,,,,,,,,,,,,
R66,,,ERJ-1GNF10R0C,,,1,qualified_1,passive,passive,ERJ-1GNF10R0C,0.25,0,-17.200,8.200,9,-270.000,,,,,,,,,,,,,,,,,,,,,,,,,,,,,,,,,,,,,,,,,,,,,,,,,,,,,,,,,,,,,,,,,,,,,,,,,,,,,,,,,,,,,,,,,,,,,,,,,,,,,,,,,,,,,,,,,,,,,,,,,,,,,
R70,,,RC0201FR-0710KL,,,1,qualified_1@eagle_src_repo_c6614e3cc11e779d3ff6357e0a9e972de604ed16,passive,passive,RC0201FR-0710KL,0.25,,,,,,,,,,,,,,,,,,,,,,,,,,,,,,,,,,,,,,,,,,,,,,,,,,,,,,,,,,,,,,,,,,,,,,,,,,,,,,,,,,,,,,,,,,,,,,,,,,,,,,,,,,,,,,,,,,,,,,,,,,,,,,,,,,
R71,,,ERJ-1GNJ151C,,,1,qualified_1@eagle_src_repo_c6614e3cc11e779d3ff6357e0a9e972de604ed16,passive,passive,ERJ-1GNJ151C,0.25,,,,,,,,,,,,,,,,,,,,,,,,,,,,,,,,,,,,,,,,,,,,,,,,,,,,,,,,,,,,,,,,,,,,,,,,,,,,,,,,,,,,,,,,,,,,,,,,,,,,,,,,,,,,,,,,,,,,,,,,,,,,,,,,,,
RP1 RP2 RP3,,,RP741X083,,,3,qualified_1,passive,passive,DNP,0.4,,,,,,,,,,,,,,,,,,,,,,,741X08,,passive,passive,passive,passive,,passive,passive,,,,,,,,,,,,,,,,,,,,,,,,,,,,,,,,,,,,,,,,,,,,,,,,,,,,,,,,,,,,,,,,,,,,,,,,,,,,,,,,,,,,,,,,,,,,,,,,,,,
S1,,,EVQ-PLDA15,,,1,qualified_1,passive,passive,EVQ-PLDA15,2,,,,,,,,,,,,,,,,,,,,,,,,,,passive,,,,,passive,,,,,,,,,,,,,,,,,,,,,,,,,,,,,,,,,,,,,,,,,,,,,,,,,,,,,,,,,,,,,,,,,,,,,,,,,,,,,,,,,,,,,,,,,,,,,,,,,,,
S2,,,EVQ-P7C01P,,,1,qualified_1,passive,passive,EVQ-P7C01P,2.5,,,,,,,,,,,,,,,,,,,,,,,,,,passive,,,,,passive,,,,,,,,,,,,,,,,,,,,,,,,,,,,,,,,,,,,,,,,,,,,,,,,,,,,,,,,,,,,,,,,,,,,,,,,,,,,,,,,,,,,,,,,,,,,,,,,,,,
TOC U$1 U$10 U$15 U$18 U$19 U$2 U$20 U$22 U$23 U$25 U$26 U$27 U$29 U$30 U$31 U$32 U$33 U$34 U$35 U$36 U$5 U$7 U$8 U$9,,,A3-L-GUMSTIX,,,25,qualified_1,,,,,,,,,,,,,,,,,,,,,,,,,,,,,,,,,,,,,,,,,,,,,,,,,,,,,,,,,,,,,,,,,,,,,,,,,,,,,,,,,,,,,,,,,,,,,,,,,,,,,,,,,,,,,,,,,,,,,,,,,,,,,,,,,,,,,,
TP1 TP2,,,TP,,,2,qualified_1,,i/o,DNP,0,,,,,,,,,,,,,,,,RCU,PH_1.7MM,PTH_2.6MM,ED9004,WP1,WG,05,,,,,,,,,,,,,,,,,,,,,,,,,,,,,,,,,,,,,,,,,,,,,,,,,,,,,,,,,,,,,,,,,,,,,,,,,,,,,,,,,,,,,,,,,,,,,,,,,,,,,,,,,,,,
U$24,"<h3>4-bit Bidirectional Level Translator</h3>
<p>
<a href='http://www.ti.com/lit/ds/symlink/txs0104e.pdf'>http://www.ti.com/lit/ds/symlink/txs0104e.pdf</a>",,TXS0104ERGYR,,,1,qualified_1,i/o,power,TXS0104ERGYR,,,,,,,,,,,,,,,,,,,,,,,,,,i/o,i/o,i/o,power,i/o,i/o,i/o,power,input,,i/o,,i/o,i/o,,,,,,,,,,,,,,,,,,,,,,,,,,,,,,,,,,,,,,,,,,,,,,,,,,,,,,,,,,,,,,,,,,,,,,,,,,,,,,,,,,,,,,,,,,,,
U1 U17,,,TPS5450QDDARQ1,,,2,qualified_1,i/o,i/o,,,,,,,,,,,,,,,,,,,,,,,,,,,i/o,i/o,i/o,i/o,i/o,i/o,i/o,,,,,,,,,,,,,,,,,,,,,,,,,,,,,,,,,,,,,,,,,,,,,,,,,,,,,,,,,,,,,,,,,,,,,,,,,,,,,,,,,,,,,,,,,,,,,,,,,,,
U10,"<h3>ASM1142</h3>
<p>
PCI Express to 2 ports SuperSpeed USB 10Gbps
xHCI Host Controller",,ASM1142,,,1,qualified_1,i/o,i/o,,,,,,,,,,,,,,,,,,,,,,,,,,,i/o,i/o,i/o,i/o,i/o,i/o,i/o,i/o,i/o,power,i/o,i/o,i/o,i/o,i/o,i/o,power,power,power,power,i/o,,i/o,,,i/o,i/o,,i/o,,,,i/o,,i/o,,,,i/o,i/o,,,i/o,power,,power,,,i/o,,,,,i/o,,,,,,i/o,,,,,,i/o,,,,,,,power,i/o,,,,,,,i/o,,,,,,,i/o,,,i/o,,,,i/o,i/o,i/o,i/o,,,,,,i/o,,power
U11,,,TPS2052BDGNR,,,1,qualified_1,i/o,i/o,TPS2052BDGNR,1.1,,,,,,,,,,,,,,,,,,,,,,,,,output,i/o,power,power,i/o,output,i/o,,,,,,,,,,,,,,,,,,,,,,,,,,,,,,,,,,,,,,,,,,,,,,,,,,,,,,,,,,,,,,,,,,,,,,,,,,,,,,,,,,,,,,,,,,,,,,,,,,,
U12,,,67996-140HLF,,,1,qualified_1,passive,passive,,,,,,,,,,,,,,,,,,,,,,,,,,,passive,passive,passive,passive,passive,passive,passive,passive,passive,passive,passive,passive,passive,passive,passive,passive,passive,passive,passive,passive,passive,,passive,,,passive,passive,,passive,,,,passive,,,,,,passive,,,,,,,,,,,,,,,passive,,,,,,,,,,,,passive,,,,,,,,passive,,,,,,,passive,,,,,,,passive,,,passive,,,,passive,passive,passive,passive,,,,,,passive,,
U13,,,USB2513B-AEZG,,,1,qualified_1,passive,power,USB2513B-AEZG,1,,,,,,,,,,,,,,,,,,,,,,,,,i/o,i/o,power,power,passive,i/o,i/o,i/o,i/o,i/o,i/o,i/o,i/o,passive,i/o,passive,i/o,i/o,passive,i/o,passive,,passive,,,passive,passive,,,,,,passive,,,,,,,,,,,,,,,,,,,,,,,,,,,,,,,,,,,,,,,,,,,,,,,,passive,,,,,,,,,,power,,,,power,,power,,,,,,,power,,
U14,,,685119134923,,,1,qualified_1,passive,passive,,6.2,,,,,,,,,,,,,,,,,,,,,,,,,passive,passive,passive,passive,passive,passive,passive,passive,passive,passive,passive,passive,passive,passive,passive,passive,passive,passive,passive,passive,,,passive,,,,,,,,,,,,,,,,,,,,,,,,,,,,,,,,,,,,,,,,,,,,,,,,,,,,,,,,,,,,,,,,,,,,,,,,,,,,,,,,,,,
U15,"<h3>USB5744</h3>
<p>
4-Port SS/HS USB Controller Hub
<p>
<a href=""http://ww1.microchip.com/downloads/en/DeviceDoc/00001855D.pdf"">http://ww1.microchip.com/downloads/en/DeviceDoc/00001855D.pdf</a>",,USB5744/2G,,,1,qualified_1,passive,power,,,,,,,,,,,,,,,,,,,,,,,,,,,i/o,i/o,power,power,passive,i/o,i/o,i/o,i/o,passive,i/o,i/o,i/o,i/o,i/o,i/o,i/o,passive,i/o,i/o,i/o,,i/o,,,i/o,i/o,,i/o,,,,i/o,,i/o,,,,i/o,passive,,,passive,passive,,,,,passive,,,,,i/o,,,,,,passive,,,,,,i/o,,,,,,,,i/o,,,,,,,i/o,,,,,,,i/o,,,i/o,,,,i/o,i/o,i/o,i/o,,,,,,i/o,,passive
U16 U2 U20 U21 U22 U23 U3 U4 U5 U6 U7 U8,"<h3>TPD4E02B04</h3>
4-Channel ESD Protection Diode for USB Type-C and HDMI 2.0
<p>
<a href=""http://www.ti.com/lit/ds/symlink/tpd4e02b04.pdf"">http://www.ti.com/lit/ds/symlink/tpd4e02b04.pdf</a>",,TPD4E02B04DQAR,,,12,qualified_1,passive,passive,,,,,,,,,,,,,,,,,,,,,,,,,,,,passive,passive,,,,passive,,,,,,,,,,,,,,,,,,,,,,,,,,,,,,,,,,,,,,,,,,,,,,,,,,,,,,,,,,,,,,,,,,,,,,,,,,,,,,,,,,,,,,,,,,,,,,,,,,,
U18,"<a href=""http://www.analog.com/media/en/technical-documentation/data-sheets/ADP1740_1741.pdf"">ADP1740</a> series of fixed voltage LDO. Max 2A output at 0.75, 1, 1.1, 1.2, 1.3, 1.5, 1.8, 2.5V",,ADP1740ACPZ-1.2-R7,,,1,qualified_1,input,open emitter,,,,,,,,,,,,,,,,,,,,,,,,,,,,input,output,passive,,open emitter,open emitter,,,,,,,,,,,,,,,,,,,,,,,,,,,,,,,,,,,,,,,,,,,,,,,,,,,,,,,,,,,,,,,,,,,,,,,,,,,,,,,,,,,,,,,,,,,,,,,,,,,
U19,"<b>TS3A5223</b><br>
0.45â„¦ Dual SPDT Bidirectional Analog Switch<br>
Package: <b>UQFN-10</b>
<br><br>
Source: <a href=""http://www.ti.com/lit/ds/symlink/ts3a5223.pdf"">http://www.ti.com/lit/ds/symlink/ts3a5223.pdf</a>",,TS3A5223RSWR,,,1,qualified_1,i/o,i/o,,,,,,,,,,,,,,,,,,,,,,,,,,,power,i/o,input,input,i/o,power,i/o,,,,,,,i/o,,,,,,,,,,,,,,,,,,,,,,,,,,,,,,,,,,,,,,,,,,,,,,,,,,,,,,,,,,,,,,,,,,,,,,,,,,,,,,,,,,,,,,,,,,,,
U24,,,TPS2066CDGNR,,,1,qualified_1,i/o,i/o,TPS2066CDGNR,1.1,,,,,,,,,,,,,,,,,,,,,,,,,output,i/o,power,power,i/o,output,i/o,,,,,,,,,,,,,,,,,,,,,,,,,,,,,,,,,,,,,,,,,,,,,,,,,,,,,,,,,,,,,,,,,,,,,,,,,,,,,,,,,,,,,,,,,,,,,,,,,,,
U9,"<h3>TPD13S523</h3>
<p>
13-Channel ESD Protection Solution With Current-Limit Load Switch For HDMI Transmitter Ports
<p>
<a href='http://www.ti.com/lit/ds/symlink/tpd13s523.pdf'>http://www.ti.com/lit/ds/symlink/tpd13s523.pdf</a>",,TPD13S523PWR,,,1,qualified_1,i/o,i/o,,,,,,,,,,,,,,,,,,,,,,,,,,,i/o,i/o,i/o,i/o,open emitter,i/o,i/o,i/o,i/o,,i/o,open emitter,i/o,i/o,open emitter,,,,,,,,,,,,,,,,,,,,,,,,,,,,,,,,,,,,,,,,,,,,,,,,,,,,,,,,,,,,,,,,,,,,,,,,,,,,,,,,,,,,,,,,,,,
Y1,,,ABM8G-24.000MHZ-18-D2Y-T,,,1,qualified_1,passive,passive,ABM8G-24.000MHZ-18-D2Y-T,0.8,,,,,,,,,,,,,,,,,,,,,,,,,,passive,,,,,passive,,,,,,,,,,,,,,,,,,,,,,,,,,,,,,,,,,,,,,,,,,,,,,,,,,,,,,,,,,,,,,,,,,,,,,,,,,,,,,,,,,,,,,,,,,,,,,,,,,,
Y2,,,ABM7-25.000MHZ-D2Y-T,,,1,qualified_1@eagle_src_repo_b39d46a5feff4f7ade7f2a4f70c4d4847a03ea32,passive,passive,ABM7-25.000MHZ-D2Y-T,1.5,-1,-19.200,7.600,9,-90.000,,,,,,,,,,,,,,,,,,,,,,,,,,,,,,,,,,,,,,,,,,,,,,,,,,,,,,,,,,,,,,,,,,,,,,,,,,,,,,,,,,,,,,,,,,,,,,,,,,,,,,,,,,,,,,,,,,,,,,,,,,,,,
Y3,,,ABM8G-20.000MHZ-18-D2Y-T,,,1,qualified_1,passive,passive,ABM8G-20.000MHZ-18-D2Y-T,0.8,,,,,,,,,,,,,,,,,,,,,,,,,,passive,,,,,passive,,,,,,,,,,,,,,,,,,,,,,,,,,,,,,,,,,,,,,,,,,,,,,,,,,,,,,,,,,,,,,,,,,,,,,,,,,,,,,,,,,,,,,,,,,,,,,,,,,,
